serial_number,job_name,status,protein_chains,aptamer_chain,aptamer_type,sample_count,ptm,iptm,ranking_score,fraction_disordered,has_clash,aptamer_chain_ptm,aptamer_chain_iptm,best_aptamer_protein_iptm,min_aptamer_protein_pae,interface_iptm_by_chain,protein_to_aptamer_pae_by_chain,aptamer_to_protein_pae_by_chain
10000398,10000398_mammalian_translation_initiation_factor_4a_eif4a_11,complete,A,B,RNA,5,0.68,0.11,0.23,0.0,0.0,0.32,0.11,0.11,19.66,"{""A"": 0.11}","{""A"": 19.66}","{""A"": 22.04}"
10000399,10000399_mammalian_translation_initiation_factor_4a_eif4a_1,complete,A,B,RNA,5,0.69,0.26,0.35,0.0,0.0,0.27,0.26,0.26,11.73,"{""A"": 0.26}","{""A"": 11.73}","{""A"": 15.87}"
10000400,10000400_mammalian_translation_initiation_factor_4a_eif4a_20,complete,A,B,RNA,5,0.69,0.18,0.28,0.0,0.0,0.18,0.18,0.18,15.82,"{""A"": 0.18}","{""A"": 15.82}","{""A"": 18.73}"
10000401,10000401_mammalian_translation_initiation_factor_4a_eif4a_30,complete,A,B,RNA,5,0.7,0.15,0.26,0.0,0.0,0.27,0.15,0.15,16.17,"{""A"": 0.15}","{""A"": 16.17}","{""A"": 16.77}"
10000402,10000402_mammalian_translation_initiation_factor_4a_eif4a_no_21,complete,A,B,RNA,5,0.71,0.35,0.42,0.0,0.0,0.28,0.35,0.35,8.75,"{""A"": 0.35}","{""A"": 8.75}","{""A"": 11.61}"
10000484,10000484_tumor_necrosis_factor_alpha_htnf_human_6,complete,A,B,RNA,5,0.61,0.05,0.19,0.06,0.0,0.29,0.05,0.05,26.22,"{""A"": 0.05}","{""A"": 26.75}","{""A"": 26.22}"
10000538,10000538_liver_x_receptors_alpha_lxralpha_lxr_apt_50,complete,A,B,DNA,5,0.73,0.13,0.32,0.14,0.0,0.16,0.13,0.13,15.92,"{""A"": 0.13}","{""A"": 15.92}","{""A"": 22.72}"
10000539,10000539_liver_x_receptors_alpha_lxralpha_lxr_apt_67,complete,A,B,DNA,5,0.72,0.11,0.31,0.14,0.0,0.17,0.11,0.11,19.34,"{""A"": 0.11}","{""A"": 19.34}","{""A"": 23.85}"
10000548,10000548_liver_x_receptors_beta_lxrbeta_lxr_apt_50,complete,A,B,DNA,5,0.79,0.22,0.35,0.04,0.0,0.15,0.22,0.22,11.7,"{""A"": 0.22}","{""A"": 11.7}","{""A"": 14.21}"
10000549,10000549_liver_x_receptors_beta_lxrbeta_lxr_apt_67,complete,A,B,DNA,5,0.78,0.1,0.26,0.04,0.0,0.13,0.1,0.1,18.48,"{""A"": 0.1}","{""A"": 18.48}","{""A"": 22.93}"
10000550,10000550_liver_x_receptors_alpha_lxralpha_lxr_apt_122,complete,A,B,DNA,5,0.72,0.1,0.3,0.14,0.0,0.15,0.1,0.1,20.3,"{""A"": 0.1}","{""A"": 20.3}","{""A"": 25.61}"
10000582,10000582_rna_dependent_rna_polymerase_3dpol_f38,complete,A,B,RNA,5,0.88,0.67,0.72,0.02,0.0,0.24,0.67,0.67,2.57,"{""A"": 0.67}","{""A"": 2.57}","{""A"": 3.37}"
10000583,10000583_rna_dependent_rna_polymerase_3dpol_f47,complete,A,B,RNA,5,0.84,0.5,0.58,0.02,0.0,0.24,0.5,0.5,3.8,"{""A"": 0.5}","{""A"": 3.8}","{""A"": 5.36}"
10000584,10000584_rna_dependent_rna_polymerase_3dpol_f52,complete,A,B,RNA,5,0.91,0.85,0.87,0.02,0.0,0.46,0.85,0.85,1.33,"{""A"": 0.85}","{""A"": 1.45}","{""A"": 1.33}"
10000585,10000585_rna_dependent_rna_polymerase_3dpol_f47tr,complete,A,B,RNA,5,0.94,0.84,0.87,0.02,0.0,0.39,0.84,0.84,1.77,"{""A"": 0.84}","{""A"": 1.77}","{""A"": 1.81}"
10000586,10000586_abrin_toxin_ab3,complete,A,B,DNA,5,0.74,0.25,0.35,0.0,0.0,0.14,0.25,0.25,11.16,"{""A"": 0.25}","{""A"": 11.69}","{""A"": 11.16}"
10000587,10000587_abrin_toxin_ab6,complete,A,B,DNA,5,0.76,0.43,0.5,0.0,0.0,0.14,0.43,0.43,5.41,"{""A"": 0.43}","{""A"": 7.8}","{""A"": 5.41}"
10000588,10000588_abrin_toxin_ab8,complete,A,B,DNA,5,0.76,0.49,0.55,0.0,0.0,0.16,0.49,0.49,4.54,"{""A"": 0.49}","{""A"": 6.46}","{""A"": 4.54}"
