serial_number,job_name,status,affinity_pred_value,affinity_pred_value1,affinity_pred_value2,affinity_probability_binary,affinity_probability_binary1,affinity_probability_binary2
10000398,10000398_mammalian_translation_initiation_factor_4a_eif4a_11,complete,-0.8808828592300415,-1.3875738382339478,-0.37419193983078003,0.28244590759277344,4.624993380275555e-05,0.5648455619812012
10000399,10000399_mammalian_translation_initiation_factor_4a_eif4a_1,complete,-0.8161407709121704,-1.0564559698104858,-0.5758255124092102,0.24267472326755524,0.00019108972628600895,0.48515835404396057
10000400,10000400_mammalian_translation_initiation_factor_4a_eif4a_20,complete,0.2823953330516815,1.0125261545181274,-0.4477354884147644,0.23289446532726288,4.709124756807626e-10,0.46578893065452576
10000401,10000401_mammalian_translation_initiation_factor_4a_eif4a_30,complete,-1.0030611753463745,-1.1076319217681885,-0.8984904885292053,0.21371769905090332,0.0010228733299300075,0.42641252279281616
10000402,10000402_mammalian_translation_initiation_factor_4a_eif4a_no_21,complete,-0.4012729525566101,-0.4446955621242523,-0.3578503131866455,0.266094446182251,5.771371824891958e-09,0.532188892364502
10000484,10000484_tumor_necrosis_factor_alpha_htnf_human_6,complete,0.757943332195282,2.65750789642334,-1.1416212320327759,0.179634690284729,0.004096858203411102,0.3551725149154663
10000538,10000538_liver_x_receptors_alpha_lxralpha_lxr_apt_50,complete,1.858597755432129,3.1761817932128906,0.5410138368606567,0.16060400009155273,0.005711907986551523,0.3154960870742798
10000539,10000539_liver_x_receptors_alpha_lxralpha_lxr_apt_67,complete,1.0775532722473145,1.6749860048294067,0.48012059926986694,0.260284423828125,0.2431982457637787,0.2773706316947937
10000548,10000548_liver_x_receptors_beta_lxrbeta_lxr_apt_50,complete,0.35384508967399597,0.489845871925354,0.21784430742263794,0.22137516736984253,0.03910095617175102,0.40364938974380493
10000549,10000549_liver_x_receptors_beta_lxrbeta_lxr_apt_67,complete,-0.049153104424476624,-0.2473313957452774,0.14902518689632416,0.22435691952705383,0.08954936265945435,0.3591644763946533
10000550,10000550_liver_x_receptors_alpha_lxralpha_lxr_apt_122,complete,1.1547777652740479,2.196201801300049,0.11335377395153046,0.17322570085525513,0.03877584636211395,0.3076755702495575
10000582,10000582_rna_dependent_rna_polymerase_3dpol_f38,complete,-0.4544108808040619,-0.9395695924758911,0.030747834593057632,0.24917225539684296,0.00012083270121365786,0.4982236921787262
10000583,10000583_rna_dependent_rna_polymerase_3dpol_f47,complete,-0.8925384283065796,-1.1308926343917847,-0.6541842222213745,0.25605154037475586,7.605996506754309e-05,0.5120270252227783
10000584,10000584_rna_dependent_rna_polymerase_3dpol_f52,complete,-0.8772362470626831,-0.6267249584197998,-1.1277475357055664,0.2390638291835785,0.0004930783179588616,0.47763457894325256
10000585,10000585_rna_dependent_rna_polymerase_3dpol_f47tr,complete,2.044008255004883,3.384652614593506,0.7033638954162598,0.14475759863853455,3.385102047559485e-07,0.2895148694515228
10000586,10000586_abrin_toxin_ab3,complete,0.17583495378494263,1.4419647455215454,-1.0902948379516602,0.14819805324077606,3.063856368612505e-08,0.29639607667922974
10000587,10000587_abrin_toxin_ab6,complete,-0.8378602266311646,-0.8150185942649841,-0.860701858997345,0.0778648629784584,0.0008524114964529872,0.15487731993198395
10000588,10000588_abrin_toxin_ab8,complete,-0.9900684952735901,-1.06291925907135,-0.9172177314758301,0.20662321150302887,0.06719260662794113,0.346053808927536
